Timestamp,PostsPerDay,EngagementLevel
2025-05-21T12:00:00,0,游땼 No posts today. Your audience might forget you.
2025-05-21T12:00:01,1,游리 Solid effort! Stay consistent to build engagement.
2025-05-21T12:00:02,2,游리 Solid effort! Stay consistent to build engagement.
2025-05-21T12:00:03,3,游리 Solid effort! Stay consistent to build engagement.
2025-05-21T12:00:04,4,游릭 Nice! You're posting frequently and consistently.
2025-05-21T12:00:05,5,游릭 Nice! You're posting frequently and consistently.
2025-05-21T12:00:06,6,游눜 Great! You're maximizing reach. Keep tracking growth!
2025-05-21T12:00:07,7,游눜 Great! You're maximizing reach. Keep tracking growth!
2025-05-21T12:00:08,8,游눜 Great! You're maximizing reach. Keep tracking growth!
2025-05-21T12:00:09,9,游댮 Whoa! You may be flooding feeds. Consider reducing.
2025-05-21T12:00:10,10,游댮 Whoa! You may be flooding feeds. Consider reducing.
2025-05-21T12:00:11,11,游댮 Whoa! You may be flooding feeds. Consider reducing.
2025-05-21T12:00:12,12,游댮 Whoa! You may be flooding feeds. Consider reducing.
2025-05-21T12:00:13,13,游댮 Whoa! You may be flooding feeds. Consider reducing.
2025-05-21T12:00:14,14,游댮 Whoa! You may be flooding feeds. Consider reducing.
2025-05-21T12:00:15,15,游댮 Whoa! You may be flooding feeds. Consider reducing.
2025-05-21T12:00:16,16,游댮 Whoa! You may be flooding feeds. Consider reducing.
2025-05-21T12:00:17,17,游댮 Whoa! You may be flooding feeds. Consider reducing.
2025-05-21T12:00:18,18,游댮 Whoa! You may be flooding feeds. Consider reducing.
2025-05-21T12:00:19,19,游댮 Whoa! You may be flooding feeds. Consider reducing.
2025-05-21T12:00:20,20,游댮 Whoa! You may be flooding feeds. Consider reducing.
